age,income,rent,dependents,employment_status,savings,risk_label
56,43747.462857413644,1895.4783272567354,4,unemployed,6374.866166119402,1
69,15695.14885565265,879.5876492011769,2,employed,8556.205705971222,0
46,39213.0914664005,1671.7556356803789,3,employed,2709.963049610316,0
32,18260.484474650526,1737.6982938930557,0,employed,4522.994272922105,0
60,15567.28729491139,1243.1781551914728,0,unemployed,4367.5891656758,1
25,23270.227586955334,1079.523364772473,2,employed,1310.980318375657,0
78,26140.169174067152,1175.1866486296394,4,employed,5070.002563896499,0
38,57283.322429156535,840.4470415480462,1,part-time,15100.729620906584,0
56,25842.321351200968,1834.0863741932665,2,employed,3047.8872801439616,0
75,24261.330659322542,1175.929485094637,3,employed,691.6465514607304,1
36,48926.35424740642,1823.6891606841498,3,employed,1499.3297727729966,0
40,29748.291242751777,658.5402198594111,0,employed,502.99013176426513,1
28,15960.343764741272,1982.412906500197,3,employed,10832.012282346872,0
28,43390.039652477295,1164.9096311654275,2,employed,6400.332981336056,0
41,15217.336487581644,571.7462305911582,3,employed,1805.5684073841733,0
70,15920.714846890254,557.0327723561824,2,employed,721.9385886696948,1
53,14410.892890174822,1619.310886222758,1,employed,1295.5687174164798,0
57,13792.46194260637,1488.553301305521,0,employed,1574.5472258861494,0
41,26019.112612227986,1703.1958371913813,3,employed,3325.6073531811976,0
20,19361.637090751374,658.051300929209,2,employed,3215.5681616806714,0
39,3869.634716941378,553.3563005533225,4,employed,11400.722110168057,0
70,19261.594479541967,1262.8689341713675,0,employed,1491.0638572254081,0
19,17001.279282131898,1081.3928472241541,1,employed,659.7177853672979,1
41,34420.67506487352,1192.9204050064336,2,unemployed,937.316986940495,1
61,16620.143362417817,1987.382613305411,1,employed,2913.1060019031293,0
47,78403.895735316,1956.1249365060053,1,part-time,1438.4507323087723,0
55,44284.80032564874,1913.4730845097893,3,part-time,2226.0666088187545,0
19,18124.951511561627,1675.7640151515106,3,employed,1893.0913744212785,0
77,39136.52837594922,1032.2620403853357,2,employed,8024.3701080201945,0
38,28641.32420877067,1118.1963953941574,4,employed,1657.4479401475796,0
50,24753.76550993801,1324.4240655783867,2,unemployed,2043.9876782503866,1
29,32903.23064416087,1745.8016846072599,4,employed,6107.565827153917,0
75,22630.08369726997,603.0692487774016,1,employed,1694.2883666438245,0
39,24839.13165824231,1136.445328827332,0,employed,4551.501121998023,0
78,33245.55184840597,623.926495188903,2,unemployed,4152.580644551798,1
61,61465.195752279906,1271.9863798602673,2,unemployed,3434.978202605563,1
42,24974.17290645793,1848.351236009353,4,employed,958.7243677894429,1
66,17555.13304829362,1673.727386845907,1,employed,10196.239191033967,0
44,7985.51514337032,841.763626314665,1,employed,27465.440838935476,0
76,58726.81618413653,1963.9862743981887,4,employed,3007.3908009163215,0
59,19310.014835713777,1501.0255970696426,1,unemployed,1046.9590795994418,1
45,28779.09818129662,515.6415490961047,3,employed,3068.986661250514,0
77,57122.51456057263,883.1202270278293,0,employed,8021.334957689941,0
33,24681.300237014864,891.0699498798748,2,employed,1611.325359974723,0
32,19983.55309672802,603.8814594287899,0,unemployed,2620.4486325180073,1
79,44794.31391339611,1939.7397771138935,2,unemployed,4190.83021968836,1
79,27732.728632363247,1217.3829418638857,3,employed,9927.340061326522,0
64,29526.776315700637,1843.721896057823,1,unemployed,6473.1862603021955,1
79,10284.77129167653,983.3232551669425,4,employed,6747.09937665279,0
68,40253.71608271018,687.8503556492407,3,employed,1946.3895903969715,0
61,26576.802664266677,1211.5041648593208,0,employed,4455.608662598807,0
72,11094.506003590239,670.9349520714758,4,employed,1448.142055665206,0
69,28072.537262336755,1229.02325446631,1,employed,6943.255945442487,0
74,7853.67742639949,1880.4457718291117,3,part-time,9425.929619166824,0
20,71039.23444799021,1281.152212751319,4,employed,5184.1624211031885,0
54,12696.385174587933,1424.7495903426252,3,employed,2064.3886601387007,0
68,49310.70038651403,734.9576554607124,3,employed,2431.522472305401,0
24,14669.447755364217,565.6034388199542,1,employed,18151.64030720453,0
38,29147.16278513516,666.2119432697106,2,part-time,2099.153727060847,0
26,13959.783557167199,1397.7973635265485,4,employed,8518.488239920482,0
56,36263.15934959866,642.517548488457,1,employed,4183.4502270331695,0
35,19581.502097407887,1063.989334911967,3,unemployed,2134.2350083331144,1
21,27830.554339711245,1325.1379106872341,1,employed,776.9305565239945,1
42,22192.999732946493,1082.9791979447705,2,employed,3683.432645849986,0
77,11127.419947585935,745.5257021979522,4,employed,3265.280230309302,0
31,28340.677804566236,910.6869612711598,2,employed,18151.975404050416,0
67,17126.482987086463,1892.4762992728654,0,part-time,1261.1853410397907,0
75,37147.672490110235,1513.9734133795332,4,unemployed,29577.48152648983,1
26,19576.205369020194,1244.0717580198298,2,employed,4353.827096088176,0
43,21197.065801378958,519.0723349803403,3,unemployed,4349.556745141362,1
70,51096.08875102101,1988.6231007342053,4,employed,1647.3576608165488,0
19,72462.06027033308,1507.182402341965,4,employed,4083.4859722057836,0
37,32630.965479490213,975.3837160174173,1,employed,4784.089139201981,0
45,19080.648850969887,1818.9029899967572,3,employed,7610.828324821773,0
64,18263.673946901406,887.6474304377272,0,employed,1120.6652850061084,0
77,14627.542561381539,1316.0248687741273,2,employed,12170.628837790517,0
24,16112.98758734964,1454.1061455947377,1,part-time,4278.747150043601,0
61,19210.170441200913,831.5950571805927,2,employed,5476.540556609205,0
78,58813.487303705784,1967.595918200894,0,employed,2390.02173373036,0
25,19958.076242279825,1622.2878589684963,0,employed,1178.3345965761423,0
64,11931.932611431897,1336.719838266605,4,employed,3205.8246181107725,0
52,22490.14817831196,770.8918972629513,0,employed,3594.9866254315966,0
31,24078.249771672992,580.7873104970392,2,employed,745.8852230650778,1
34,22422.444659837565,980.0897487814752,3,unemployed,6589.846966612796,1
53,32854.55291090867,1629.7810038701043,3,employed,8074.971622931076,0
67,22799.70225074745,903.9969474530376,4,employed,1437.0323186369053,0
57,32349.820333277286,1309.3343307432576,2,employed,1072.142915805862,0
21,14910.6100582965,1591.9207650961148,2,employed,2201.8179149952343,0
19,53656.86608420909,661.9155719696965,0,employed,3053.046113627845,0
79,24990.221670849583,1527.9470241738102,2,unemployed,2288.905397887334,1
23,26906.13173635049,637.806331565067,1,employed,2804.7850029490846,0
71,14879.564687596863,1947.6946131904947,0,employed,3719.9953515233547,0
59,27886.93268735757,1232.5911950974094,1,employed,758.7945542739541,1
21,30501.5422940526,726.014161564816,4,employed,851.2487360930405,1
71,12272.4940742892,1013.5754540503198,3,employed,195.9231046577409,1
46,9608.988157192534,1120.124673942892,4,unemployed,7650.6449346757545,1
35,25510.183689724352,1637.277516614806,3,employed,3026.6964422221913,0
43,17250.82225486614,1615.135679114914,4,unemployed,8500.252360133505,1
61,25083.379502382537,1417.9107580059965,2,employed,955.5260286601772,1
51,11550.47643116757,658.8960688377394,1,unemployed,3054.610414361271,1
27,10094.51052613002,727.3540573815104,3,employed,3695.3350509429993,0
79,24424.566572195563,640.635380968335,0,employed,1699.717781141975,0
53,18492.27062155384,1365.759174931325,1,employed,630.5372296829746,1
31,7666.766588377776,1815.707662267106,0,part-time,17083.550768011675,0
48,43111.687415013446,1150.7007683821575,1,employed,12079.720590188857,0
65,11454.883973127733,741.2722609366193,1,employed,2034.6268770705547,0
32,79750.83382315697,1337.0634877234506,4,employed,4965.293284709395,0
25,16122.831234863626,1717.6283252985647,3,unemployed,1835.7517023126675,1
31,26924.186393677002,1612.568092269395,3,employed,1101.6853217402079,0
40,50185.15301157282,1822.1761695125322,1,unemployed,18532.134513536403,1
77,46152.98710850232,916.8531458733017,2,employed,569.4272998258214,1
74,59460.54147860355,790.9308009016622,2,employed,2240.5940330756353,0
79,10285.206509165584,1819.7247289129082,0,employed,3243.2261128742393,0
57,12482.304137026558,1486.3404691670346,0,part-time,15540.993888839781,0
38,24661.500861376244,966.3933950113312,4,employed,7307.0042559253925,0
33,33519.20103862903,1613.5220758587639,1,part-time,559.8955370984659,1
62,21903.161767087207,1722.6775767205518,0,employed,2972.770897459927,0
35,9710.887737108767,1422.4673605116986,0,employed,3044.40329395467,0
64,28234.194110497327,1531.8261648198727,1,employed,2372.410165129431,0
70,19987.738826883055,1062.8898566639996,4,employed,5540.328685700904,0
41,19868.29492863861,1308.0435010145586,0,unemployed,728.4311211109016,1
43,7051.7055680593885,1286.2387560892435,4,part-time,1981.0139478041278,0
42,32818.31761099242,1772.071686696158,3,unemployed,4811.762635276769,1
77,23685.114038454343,1759.9459704232738,4,unemployed,5881.550432668016,1
77,54045.53864051088,1749.0207040205648,2,employed,3461.369065669765,0
77,21220.992367303465,516.5474213936986,2,employed,2234.131407902293,0
62,29236.408127445884,1624.3182267033324,4,part-time,2644.0278293092147,0
58,33386.57286317958,1638.0145851665072,2,employed,6250.439888271843,0
46,9199.636217409363,1517.5682342827126,3,unemployed,3083.7472748354953,1
32,81499.32143967996,1634.396986837179,1,unemployed,1051.6887185098278,1
62,17758.220350558633,1762.9555572450631,2,employed,868.2697307113245,1
18,28205.811043535236,1205.4785811526785,2,part-time,672.0700516143362,1
42,30342.08596406088,1253.0753202326707,4,employed,12779.285497302953,0
24,14656.0417563363,687.0710853670857,3,employed,6683.932798714447,0
26,55464.04021704282,1078.0638245710427,1,employed,2679.8393208999373,0
41,25159.16781815179,1465.0477698676764,4,employed,1893.547844604469,0
18,19796.564302417137,1670.5996642209118,4,employed,1679.1953377517,0
61,23605.947717612,825.8136465368159,3,employed,8894.933354304505,0
25,32277.513790746772,706.7343487388531,1,unemployed,20018.92806391519,1
41,22145.710114008234,1494.5630067507382,3,part-time,1627.1854378913906,0
28,34233.67046291143,502.819825287366,1,employed,9306.00826606855,0
68,9485.920546342373,767.5588764609947,3,employed,3065.6439229511,0
34,15153.927300305624,543.6070705159306,4,part-time,2410.4556381540287,0
25,7559.798705748431,750.3276767823064,4,employed,13416.147299458036,0
52,59784.6416538369,771.9789198882579,0,employed,2950.8079088836694,0
52,59396.82565923037,1081.5103921255914,2,employed,4009.2699214743684,0
50,30130.946146333055,1103.490687029834,3,employed,3821.0247810403853,0
76,13275.705165931138,1811.3937059153566,0,employed,586.6337168581955,1
22,72761.27356413998,1265.1645687482378,2,part-time,3977.509500286482,0
59,16281.63005762798,1585.1071484184295,3,employed,1698.1725403186786,0
56,19799.192569786534,656.2060368804312,1,employed,719.7089253001868,1
75,23855.41949183936,838.1581331955408,2,employed,1777.3218285510454,0
58,27605.159454982946,1554.4151614680152,4,employed,1762.7160881255252,0
45,30390.98510603273,579.2059407027921,0,employed,8348.878848008442,0
24,31007.38927389551,1229.8964933656298,2,unemployed,1028.8638188698894,1
26,20490.936744098177,1399.0534484944008,2,unemployed,1353.098681649802,1
25,30762.462506043234,1403.2184660787216,4,employed,3772.1041719879136,0
29,20038.20880572345,534.399216902063,3,part-time,791.7187607162849,1
51,29426.523851559064,983.1620063437783,1,unemployed,1542.2431735198777,1
50,28244.27013479213,1454.735976573731,4,unemployed,564.2645854693419,1
65,32254.848286794124,723.4996042238652,1,employed,7480.174952041783,0
72,30302.43494562694,1543.1234724920798,3,employed,2205.3397983312784,0
40,17655.167797128193,1618.8878132205118,2,employed,2933.8832182532215,0
79,27704.637190940135,1972.953785669218,1,employed,7450.305518974641,0
41,30537.168773487647,814.7629922846141,0,employed,1447.6996340013857,0
54,11549.966384648338,1737.6960014991728,0,employed,2182.034530333713,0
52,19205.996392855537,1280.444865377981,4,unemployed,1036.5695191615544,1
61,29853.487483346078,1060.19389421626,3,unemployed,1034.316684035272,1
57,51774.14888300132,683.5651359877669,4,part-time,1187.2762605565877,0
39,33271.28837415023,1603.2584097313063,4,employed,1821.6712157817128,0
44,53433.276884213104,853.7863987155306,4,employed,2028.809538596099,0
52,18048.417827113233,1057.1330028095686,0,employed,3978.3886357080814,0
18,24961.633027484546,593.8133403460527,0,employed,1222.6587282232606,0
52,32953.990810636125,1702.0503737292786,4,employed,4103.6523610550585,0
54,6883.098158142489,1649.882785957465,0,employed,4841.603718007396,0
64,46882.587135107155,1600.4237450634687,3,employed,1867.167428166597,0
31,8686.670988822554,949.1652657378299,4,unemployed,1333.1174523422135,1
20,36259.98367685249,760.2201113989358,0,employed,3245.6763376945423,0
18,31051.919194906204,1456.3298967053447,1,unemployed,2433.4919882401855,1
22,6837.678132954595,1244.2495761698292,4,employed,3715.8094831107605,0
43,7012.639001066748,767.3787003569623,4,employed,14326.502695059398,0
72,45082.11838478179,1528.8669065747956,3,employed,3192.7473022913196,0
31,40431.361188151495,1986.6896477319556,2,employed,1573.0464602817954,0
56,14179.721758086951,1620.8293816130565,2,employed,1223.0590140732238,0
44,14172.525599519464,1609.9795800284178,3,employed,1271.3039292413825,0
26,28461.355142191813,1925.4691293958876,3,employed,690.3741471578711,1
32,21886.5577231729,804.4045513623532,3,employed,7576.02252711543,0
32,37316.75154597573,1348.3249473821606,2,employed,319.4884684392201,1
43,27995.259247037593,1969.470072550825,3,part-time,4856.653102978026,0
59,48606.63858592081,747.9411664552619,0,employed,1251.2972514647092,0
77,35776.22655016559,1550.3779391667815,4,unemployed,1785.7518060027473,1
30,31583.386718488644,1378.7152189578528,4,employed,1214.4084423125646,0
68,18470.63845715018,1379.7186382830605,1,part-time,12655.721186766625,0
49,17806.86583398024,1546.5059412801127,1,unemployed,3029.9930406505505,1
56,21463.744913506893,1894.4253843135264,4,employed,6570.718886444016,0
66,55296.8672031785,1673.872909777007,0,employed,10943.783515962506,0
69,17977.25515402222,584.204155124315,2,unemployed,3510.1198950920007,1
78,25090.99996121555,1779.0920298135668,2,employed,901.7850871990134,1
49,7169.552695955931,838.311994888599,0,employed,2390.737679671173,0
21,30881.2463692293,1065.3712471045578,2,employed,1419.0628762524484,0
47,68090.91936212278,1192.5992204185732,3,unemployed,1801.7178287944314,1
54,13810.451580092462,1221.3590011296046,4,unemployed,2711.8225278907353,1
40,107712.51605081777,1152.7705988830353,4,employed,2606.7104930168725,0
56,24127.807737296105,1906.0299413237967,0,employed,4501.244355693515,0
62,6084.710201998555,1559.0285114960368,2,employed,5204.632085770605,0
32,18164.61736485793,1446.7559689350596,1,employed,2606.737774537583,0
60,42839.64687445659,574.7630416744123,1,part-time,4462.520045684373,0
46,59853.70435914028,1855.869995390562,2,employed,1720.9644597430206,0
53,31541.180047296748,1864.0852880125942,1,employed,11100.881800110345,0
30,48232.92752331259,1670.3195951451535,0,employed,1693.391686398719,0
49,12223.397589812252,510.54380572042874,0,unemployed,9869.322469419429,1
24,15675.734248333963,585.9203766164351,2,employed,681.2524267876968,1
76,9511.628284281423,837.8355534027346,1,employed,2037.732079319925,0
68,16276.350798495387,697.0241122173601,0,employed,2140.9861644674643,0
39,32239.880602517038,1098.2540445555942,0,employed,3940.219828410917,0
45,24497.537497899622,1883.9345871316846,3,employed,7057.292816657146,0
19,33993.49692292317,1208.0906512954975,3,employed,854.5754508827297,1
59,13790.60705556381,520.1039396482485,0,employed,984.3848791810568,1
62,14217.622376422582,924.118534368143,2,part-time,733.6939151311025,1
79,24399.187334473972,566.8923625594423,4,unemployed,11161.037495919081,1
74,16296.018568336223,554.4314339202532,4,part-time,4014.2465211213034,0
70,42231.623189895836,913.5797796433284,0,employed,1007.9045901705355,0
23,16095.428359291263,913.4185080184182,0,part-time,1913.913018391888,0
45,17193.821420604367,1680.689903902406,0,employed,9718.255399156309,0
45,27157.803530925976,1962.251979171668,2,employed,2257.20086584804,0
61,18130.591054657045,1056.8106408349975,3,employed,2127.7319138864436,0
61,11879.004620239983,1143.330318291558,0,employed,1364.7182733637321,0
37,12712.259065158223,1767.184154429032,0,employed,1069.5654101162058,0
47,28821.674768771605,902.2085301432701,1,employed,9733.451213034763,0
79,11166.173262476424,734.5727066051719,2,employed,15897.252725857014,0
28,44293.012569055296,1779.6344351054756,0,employed,1112.9902567706474,0
75,15596.477365722048,569.7508796600982,1,employed,12148.273370157349,0
72,29974.66813627187,1429.5491602991235,4,employed,1830.9872545181493,0
45,16071.35362111219,1342.9892712002102,0,employed,5082.9546492797635,0
42,13938.07119553256,1018.8806712525414,0,unemployed,12212.481784622485,1
56,24910.678380498728,972.7842816460385,1,unemployed,2578.3976118744954,1
79,37268.05235925258,1657.786589272432,2,employed,2147.49661956757,0
50,19463.887889757534,629.6369161438197,0,employed,6641.419261207356,0
18,21317.024891621255,855.176463967078,4,employed,982.4477512733051,1
74,32981.71778916386,1598.6730977571347,0,unemployed,9386.815505053857,1
44,33532.27293039955,1322.4808755896363,4,employed,3438.5645882995386,0
79,21606.60080884111,691.9823128003795,3,employed,1672.7922110120192,0
74,17645.9231690475,1823.2034214230903,3,employed,1629.180483783283,0
69,22955.84758401227,1090.1717698453872,4,employed,747.3528936998193,1
30,20021.145205514476,1741.8025629832593,2,employed,1743.810313530346,0
58,25757.65325987861,1681.569523291563,0,unemployed,2289.2104100934857,1
20,12123.061013158183,1436.6381697075922,0,employed,1031.4351575923488,0
56,25300.78722083028,1241.7216969426395,3,employed,2848.4635535347966,0
23,15380.385256214853,1969.3262605726354,4,unemployed,4783.448861823039,1
25,34646.21646564015,717.4476085697256,0,unemployed,2407.9423473232364,1
44,15736.93970716579,1587.7335913266722,0,employed,5783.277407685289,0
26,15874.11567034987,786.7860521971835,2,employed,1329.9013120820434,0
79,27520.8564400906,1007.3946579985226,1,employed,8130.541164453035,0
54,22183.542062909964,963.0481150597928,3,part-time,3367.125546369193,0
50,68756.44889229465,1920.5539816080845,3,employed,13978.2407831554,0
68,9753.180293194551,1951.0342666824129,1,part-time,33330.138017714235,0
59,23270.144674252428,774.5231663520908,0,employed,1862.6517206669005,0
61,38747.624996342245,533.0527404462563,2,employed,1940.9564054927903,0
41,16495.502360790782,1580.0120594946698,2,employed,2330.3130133985874,0
32,13970.749166632353,1126.9849008057265,3,employed,5408.36576867306,0
76,14250.790761280216,633.2603676313465,2,employed,11225.799898029694,0
71,9838.11503463248,1525.6311583655638,1,employed,1551.8321060970322,0
49,43254.31662142134,1317.6582923910496,0,employed,4364.436070593204,0
49,18679.675294246954,1970.775233001659,1,part-time,2602.0964086747877,0
41,17605.84855523081,841.1142437920685,4,employed,5530.918100577791,0
58,7615.576458323484,1105.9668144898224,3,unemployed,13486.678418333582,1
69,10755.21157516408,1313.8187050931342,2,employed,2344.1350461135653,0
66,45830.032092761016,1687.5499826800274,4,employed,561.2308584853479,1
79,25630.87178575661,1323.257985080088,2,employed,6272.320600533165,0
66,39468.19414299703,1419.3502412929238,0,employed,1296.3329909807026,0
75,37048.98444343347,839.2205773849112,0,part-time,2583.458445534953,0
69,13355.584082605354,1770.3780921328398,0,employed,6548.75894657558,0
29,74230.01515891004,1142.9458204557136,2,employed,4013.4032595992794,0
79,58388.0367581855,711.4394412826539,4,employed,2692.646921392064,0
56,16615.923788938955,1496.281871758126,0,employed,1675.9212407440161,0
19,3699.29429855247,824.1356797779613,4,employed,164.0393305871213,1
20,18429.979807441305,646.3437653589497,2,unemployed,5992.840679998766,1
66,24813.62387367557,1792.9803626064083,4,unemployed,2314.729934551782,1
54,16583.118227229395,1190.2433967326594,2,employed,13539.089220416829,0
66,19717.048600323127,1623.9255690436646,2,employed,4438.305906213284,0
73,14554.725286448342,935.8813397095327,3,employed,1735.1942182407972,0
34,34920.08203497696,1680.4552023764995,2,employed,8663.465445050604,0
76,22738.541341270422,667.9038905322955,2,employed,9425.079110407665,0
66,35445.693069324574,1033.960060692279,1,employed,2394.592108284903,0
19,40582.883706062996,1967.0927269602928,0,employed,9834.430911732301,0
19,7426.7098349127355,1690.9845745520092,3,employed,1710.7582026918526,0
45,14984.009746481195,1245.8838954720322,3,employed,3496.954652402836,0
71,16122.729945494068,1009.6662073428276,3,employed,5278.5588149003115,0
40,79673.01138134426,1808.2035500337147,1,employed,6534.0456849283455,0
54,23730.17403694119,1317.2716386267734,2,employed,5549.825965137242,0
49,33066.64330761038,1637.6375268036666,0,unemployed,2137.3944499190125,1
50,8601.17512512052,1631.1615204742461,4,employed,8899.03070902991,0
18,23661.575541485683,526.9185178527378,2,employed,2632.193154955317,0
36,35923.48328250225,689.3806741889202,1,employed,1687.4480510752094,0
79,33893.635844032586,1489.4440495921135,2,unemployed,1712.4185940523,1
19,30082.525063120716,742.4297169288071,2,employed,20743.503482906806,0
70,22170.10975589852,883.240016983407,1,employed,1419.4383893520287,0
61,22715.08023222982,1919.9569312994108,3,employed,10846.906756554095,0
43,9446.191398576762,1340.2733875623678,3,unemployed,957.6987814829185,1
49,14040.953065112413,1626.0942604990207,0,part-time,4855.684915720697,0
23,24722.572660768812,1336.9711081739597,0,employed,4012.1536722079313,0
49,15398.29543962394,1328.7704221740878,3,unemployed,15081.541830332964,1
72,31083.08698889768,641.2278651885468,4,part-time,1549.3613687238335,0
21,27816.684322204354,1015.4947889136546,2,part-time,1175.3670749930457,0
72,43638.066241591754,923.6463480297675,4,employed,2653.1147912013803,0
28,35565.34234708955,1086.09254842042,2,employed,15753.247748347081,0
73,24677.093522359944,1697.5162823364924,3,employed,1231.3193552737696,0
76,32015.973113212785,1057.8990018752972,0,unemployed,223.98595921080178,1
34,36408.26474003612,1177.545228847524,0,employed,3164.555357582434,0
55,17090.556817273362,1096.0720857279748,4,employed,7704.215441389734,0
41,18682.34988738169,640.1119579629434,0,employed,1081.5971468202301,0
22,20985.499565110837,1161.6082373761756,3,unemployed,6959.982043395765,1
69,17365.395279472836,793.4139095667725,4,unemployed,1057.9507010669286,1
51,36601.46231421947,780.0849436595622,2,employed,2574.579411219266,0
23,16096.300293992434,641.0541566513996,0,unemployed,6327.638085696244,1
39,41184.849441282335,1035.006461212647,1,employed,909.1722755353743,1
28,18334.0158046131,1636.2228271841261,0,unemployed,3574.2596097353244,1
65,27894.87673617403,914.6625358750941,2,employed,10046.438889010456,0
33,23937.644306658924,968.5236528282703,4,employed,4788.31617420911,0
50,13521.145817948714,1464.0119865086353,2,part-time,1450.0799073438939,0
26,21808.501182348202,793.7612188803782,1,employed,13612.154049182416,0
77,26025.230901125717,1845.4368956353014,3,unemployed,5758.270867011463,1
76,21329.65541619302,1280.2857848773317,0,employed,463.8457214563918,1
23,11255.888813247999,1171.4044104803256,4,employed,7074.440334613459,0
33,51570.991943951274,1336.7302878938021,3,employed,1683.4924393874908,0
46,23013.809814182194,749.0514701242932,2,employed,3628.4598288240923,0
20,14806.902148404803,1420.2097079587643,4,employed,8168.201298337883,0
37,49532.48578245196,1044.6511049510157,3,employed,1720.543340108842,0
77,29992.268322961158,1845.7795114469284,4,employed,575.0214738684507,1
76,12087.353283270466,753.2813100165292,1,employed,13434.014859073744,0
53,13065.789788035125,1260.5766557981615,1,part-time,9552.741603747516,0
36,19708.447699743025,1397.168944053527,0,part-time,2731.8764238521885,0
43,25556.666706025986,550.0754026795719,0,employed,6998.292372501656,0
20,30073.50756182064,1045.5396871342105,1,unemployed,2060.3131564747905,1
36,35422.03063110649,1598.9528520512492,4,employed,3284.5015254151795,0
37,28847.71895714216,1730.56626117346,1,employed,2580.431875117302,0
49,43190.37676381012,969.7429922259234,0,unemployed,2145.345551467379,1
24,23468.08236800152,1697.8899085741268,1,part-time,4269.715942844089,0
69,15065.766198213638,1951.6338156550833,1,employed,890.5339052082342,1
58,21989.59278463182,1785.310904112641,4,unemployed,2317.905300820356,1
50,21279.71753906068,676.4659822389879,3,employed,4082.559799423301,0
57,6068.6550437952255,1609.595498128311,0,part-time,18734.10068039397,0
56,16635.8713973858,979.5002486608171,4,employed,927.474948754116,1
35,25773.4936909005,1982.6239841181148,1,employed,5016.827584968775,0
57,17816.712804927218,1228.0384747398307,1,employed,5597.911028068128,0
18,15944.916123849636,683.6508475384115,3,employed,456.35967944787177,1
28,34741.42638792584,1587.778322041086,0,employed,4494.1508286489325,0
45,13928.983437373705,984.5167975793208,0,part-time,7188.839830863634,0
74,31439.21648384808,1995.6172356224924,2,employed,5370.373184359536,0
42,11312.094755019882,1969.6736867817829,0,employed,2740.9853324673063,0
67,87586.39598266306,1484.201027030871,3,employed,4159.873884302939,0
40,19774.67260609998,694.7396734275763,2,employed,3532.795268193134,0
48,18739.096745514933,1530.2914965125435,2,employed,550.3435181344191,1
47,39008.42593707325,639.5457296900408,1,employed,3616.710987213423,0
59,17865.87199655351,544.0462386535885,1,employed,2065.0910450139068,0
52,45590.92233858412,1734.437669332229,0,employed,1473.178851527706,0
24,26523.778598584515,814.629421525522,2,employed,35773.76038774758,0
77,20760.367713657535,1068.540689328646,1,unemployed,10431.816768256176,1
33,19682.73330309764,1960.1860849642596,3,unemployed,943.7185161969106,1
43,40287.48223690018,1005.2607527916549,1,employed,4215.975152422228,0
65,24716.92738942194,944.7346719249729,1,employed,12810.5621237612,0
74,27341.31933221106,1877.3119994341628,2,employed,667.6745444629275,1
69,28868.344746879906,666.1226679784372,2,employed,3219.50577716908,0
77,23540.275697317647,1639.3736151719477,4,employed,3374.7371733776977,0
66,28564.961209225603,1982.098349979161,3,employed,833.3944983385807,1
19,20761.140821986733,1851.9440161619732,2,employed,4357.0491406789015,0
18,21484.68606084426,1477.5018780596388,0,employed,9101.972165594434,0
65,12587.286001225946,971.0911924890979,3,employed,13467.674228349155,0
79,25562.45942401238,881.4829717674751,3,unemployed,2323.049168217603,1
29,9322.904461622436,1728.8826573071917,2,part-time,36375.29211647841,0
22,25381.58107190619,1819.732870927543,3,employed,380.70821681854414,1
54,19142.992330954632,1288.1523688185393,2,employed,4256.560461842594,0
49,26563.47828988681,866.5099111796992,1,unemployed,726.1130217646753,1
76,13037.50956496713,669.4148126167604,4,part-time,3262.283331082685,0
72,7633.649475192439,630.7692017477468,1,employed,1768.8647752641868,0
26,18482.27320414911,1578.6161710307833,2,employed,4948.686448413201,0
58,13056.529932481368,1130.1780917715873,2,employed,2625.7432712483355,0
52,9042.777559895489,1858.0398114168056,1,employed,1305.0750425503163,0
36,32337.784841369667,1609.5069510901455,0,employed,1393.6884216213173,0
65,49051.15997644277,786.89062687188,0,employed,20587.91428568261,0
33,14787.304419246602,1420.6661282235486,0,employed,4644.893571330537,0
20,21207.593625113488,1153.258181597239,2,employed,543.4139092994666,1
37,18884.697021188567,1365.8745961529196,3,unemployed,5170.826064553297,1
41,15844.073362169162,1607.1036850077758,2,employed,2453.628768240887,0
71,30695.416014683804,1709.2938215056863,3,employed,2994.705236266101,0
73,36500.116458681776,1765.6059896100865,1,employed,6767.507664153022,0
50,14266.885126179232,880.9623118580371,4,employed,9732.51064958212,0
41,22525.05295793457,546.6733998760366,3,part-time,1262.92693722087,0
69,41867.55728978089,1608.9421027471597,0,employed,2893.6048184462006,0
28,31086.163685773427,659.5155893836619,2,employed,1726.5647111774765,0
66,33484.86146802288,972.3793829194515,1,unemployed,5414.642738961995,1
25,43651.48816096086,505.7257011865207,0,employed,2363.0194453887775,0
53,43365.63500129596,1522.50422360243,1,part-time,3069.4432725861534,0
55,36839.33043106433,750.6980172068319,4,employed,2274.9724899672174,0
57,23681.956484357615,1482.9236145374873,2,employed,2680.8266687513374,0
37,18192.38704402256,1987.6139257517582,2,employed,16393.677249829358,0
79,23196.087070066857,609.0063074150244,4,employed,32557.601870163246,0
52,16861.6426728092,615.617017927191,2,unemployed,4346.351748730671,1
65,8297.89015679714,1010.5701390000124,3,unemployed,2697.3638418660043,1
79,19153.686202941215,1799.579771377013,1,employed,604.4767689404302,1
42,26337.87040809956,823.2948031869978,0,employed,1393.511082921113,0
52,16421.80479035299,1040.5667298955213,4,unemployed,2626.1231868459367,1
42,20002.45122709196,602.7581099404694,3,part-time,1458.1689435728947,0
46,20393.706799455347,1644.732936888334,0,employed,1619.8668558923744,0
35,43409.27413946278,1112.4595141391767,0,employed,14405.847421198408,0
63,18403.227999903294,1638.8730995912642,4,employed,3068.029610181983,0
35,43404.42576718632,1855.4117665201927,3,unemployed,3355.01658043807,1
19,5674.596588386465,849.1447206519331,0,employed,1519.0029424061045,0
71,43214.3498126485,1711.094045509927,0,employed,9677.362990000216,0
52,42137.908646779084,588.6408351173799,3,unemployed,2410.094824584871,1
33,34583.33980974648,1848.271082270371,2,employed,1770.7108141175293,0
78,8054.941221164066,1476.1528213381212,0,employed,613.5422829810637,1
58,36660.07244820676,1811.3400862075273,1,employed,2804.2687428937033,0
53,21481.350351273544,500.2825993348728,3,employed,1716.3273035981492,0
50,6218.794023500282,753.6216055339887,0,employed,16067.915651861578,0
21,42154.168440147805,1084.6390811397382,4,employed,18843.036195166424,0
50,45346.42128842111,1069.254355062078,1,employed,866.723062408106,1
31,8499.341459018244,840.095574385266,0,employed,970.5343170111072,1
38,24045.67769234626,1072.4179098008003,1,unemployed,2261.26657087167,1
65,44103.5501614543,693.2730680003822,1,unemployed,1318.1204569222045,1
37,40744.68402270113,1119.1416938990392,2,employed,3704.918631522439,0
73,33457.47557299703,1703.5314937388962,1,employed,2150.329813348711,0
25,5862.7470937341,1218.6050946550267,2,employed,3946.294595572491,0
24,31722.17947896505,527.0001334178224,3,employed,8234.546091365146,0
20,19750.775804791163,1132.1660623688713,2,employed,1028.4195544640113,0
34,36240.36255410605,540.7625241362663,4,employed,8064.3728248068055,0
50,25036.266914532996,1949.3651160601974,0,employed,1438.4876328201678,0
65,21808.58971634027,691.1809391343035,3,employed,25552.306081421855,0
29,30346.96904274125,1561.532489495928,3,employed,15077.758142945133,0
76,20212.23341058126,1959.1644843381287,4,employed,2662.23071264971,0
68,21760.71067327603,1739.0585774998578,2,employed,1137.3048270293873,0
39,16687.045860756814,1548.9730626893056,0,employed,939.2991577535004,1
72,9870.398479488147,1759.1913642511504,2,employed,7141.145681638007,0
39,29258.53885971839,1972.6980398909413,1,unemployed,2891.692452706016,1
63,14720.330436529593,1432.0167458802944,2,unemployed,7531.63091072656,1
47,19922.480908431386,1338.7772102439897,3,employed,27017.19973237026,0
55,25424.968430056604,1442.357165694922,0,employed,1379.6940646397927,0
55,7765.0733224030155,1299.0138301423326,2,employed,871.1914488856647,1
62,8684.764374685568,1452.6336588645781,0,employed,3613.963005046308,0
68,18960.83304270596,1174.763311958839,0,employed,9365.23409584231,0
71,27647.255436834814,827.6647743249607,1,unemployed,1163.909306891571,1
25,31952.92916709323,680.3708397675134,1,employed,3085.9805762714577,0
44,9940.203299048557,602.5114032983906,3,unemployed,11731.627292876336,1
44,30282.2115701137,894.9736756298001,4,employed,582.3794210424375,1
51,19486.266041378753,569.1853465036007,0,employed,3771.8390057464812,0
38,14163.469769536472,1350.7561698790782,4,unemployed,1736.9689777351384,1
47,15926.251619297158,925.7426705352805,3,employed,3375.0202084287716,0
50,32890.15546603574,1736.8022121305482,0,employed,6061.934730590903,0
45,25260.6440532941,611.3613094825796,0,employed,3717.5068013724003,0
64,22587.529961823097,839.5272415122289,4,employed,1085.480036286097,0
50,24878.216728975694,1595.3692206352189,2,part-time,1805.7907469115432,0
22,35033.10982527411,1398.212444575237,1,employed,12414.159314239945,0
77,20982.629679413236,596.7369068737513,2,part-time,4141.995244856538,0
78,22632.890139625615,1815.8591857433007,4,part-time,6907.196565627981,0
65,38913.06638797408,1815.8926442392692,1,unemployed,3828.7563252382824,1
36,18661.291567992244,995.6120058136607,2,employed,6694.998728731073,0
21,30003.52931746654,1010.6087650243471,1,employed,2005.9116206777828,0
52,17122.48446290275,1983.5425375252607,0,unemployed,1383.6612618644003,1
66,17891.237186214054,1439.2642573897074,2,employed,6397.724862092402,0
34,20909.839603716766,1296.9747808520888,1,employed,9203.8210694472,0
61,28499.346224243018,1757.2282753278866,1,employed,1194.781603640431,0
45,40018.25409105973,927.9355075359747,1,employed,1675.8154951838737,0
47,23115.822801091195,1143.7738900945353,2,employed,2532.0222525925105,0
46,10405.414184580037,901.6650132325012,3,employed,15060.40818618082,0
63,30203.803730323372,1683.7412698830972,2,employed,5235.069792771295,0
70,75125.9327003452,1360.024018452827,4,unemployed,793.0713323679892,1
23,23256.371477914538,1488.2376052101058,2,employed,2716.276284843444,0
52,9373.259501318302,878.4608747591099,1,part-time,2331.159924239144,0
77,23976.427633490053,830.3379520659727,0,employed,922.170789061521,1
58,21993.3122701877,1232.561943474408,2,unemployed,2684.388094232399,1
54,21087.70774378264,1606.3486236392403,2,employed,2230.458749124801,0
41,35337.67484991331,1287.8596362802402,1,unemployed,2076.3513555629816,1
46,43876.64237727547,548.9685163185029,0,employed,1983.500778848808,0
66,31001.562102487154,1802.8272594804332,0,unemployed,12982.967023073228,1
63,20608.74867669321,597.0303402726973,4,employed,2072.0565260086964,0
70,38670.77370099278,1933.7367255811284,2,unemployed,3132.764298702074,1
48,10436.71523631843,537.7129374159091,0,part-time,2810.830549079425,0
52,15397.677104169134,1541.6756841960632,0,employed,1798.9944513207104,0
77,16279.893710548553,623.3105955676725,3,employed,3227.6342979293936,0
50,21688.223059093823,1866.0148691527093,3,unemployed,3182.2717136707697,1
69,28377.93913425436,1196.649854338314,0,employed,3228.447100920733,0
78,19923.267042161424,706.2856622255231,4,unemployed,1262.3960964278647,1
38,14002.373119229784,1011.22354968477,0,employed,2425.700172797617,0
49,35861.69963175232,747.2370130201431,1,employed,6376.163577611921,0
40,19580.15121326539,755.872867335635,2,part-time,2490.362020425879,0
50,23180.448387635028,1922.1624802571632,4,employed,3504.42562359731,0
20,29014.003529237256,1167.869168427182,1,unemployed,3522.8901629750044,1
35,22458.82258038959,1683.2033958580394,4,employed,4525.10079368707,0
42,22508.219832635044,1459.4083417665229,1,employed,5211.645474978523,0
59,36873.06841182443,1514.6395435075883,2,employed,2504.5125161525825,0
48,23758.240965209425,697.5401577080578,2,employed,1198.3066292768833,0
71,33907.736846694024,851.2766702232285,3,employed,881.200049696982,1
75,28921.30275637908,1680.1255027316554,1,employed,8247.673278773551,0
20,60381.84577432549,1956.1493097121745,3,employed,6439.785093525826,0
57,27030.110003243724,894.0134638979775,1,employed,5706.52014023635,0
63,30302.53450640728,907.3531471265599,3,unemployed,6708.988865080501,1
41,38209.0759618253,1209.3456992163574,2,employed,2536.2553901306815,0
67,22738.365340884822,1975.7604692831567,4,employed,1595.7890294876263,0
49,16011.675464432255,903.4384187397065,3,employed,1118.3309059535318,0
64,17377.424659380078,1110.4578644513958,1,employed,1002.8989181927509,0
39,17461.374293234276,1837.2200234352601,1,unemployed,10018.199707141626,1
40,13695.663322493741,504.381548932043,2,employed,1820.4793859222873,0
19,25819.94629962779,559.6489474828543,1,employed,8560.030816698314,0
44,16078.555811396564,1406.1075156068289,0,employed,2472.819235495022,0
59,24280.441060585425,1861.0702470692704,4,employed,1515.8911938465696,0
19,20346.47135698933,858.2849906028914,3,unemployed,997.8821692426186,1
43,21572.815370063137,1204.4626620210634,4,employed,1655.4789521481032,0
34,29086.467886300863,1175.6979524867274,2,unemployed,12310.880981011867,1
57,16798.593435446473,1209.4570191432654,3,employed,1008.0670055885437,0
50,30316.44316363262,1433.7795435946177,3,employed,24754.11016494383,0
26,48226.017343414635,1204.6156444860258,0,part-time,1286.1294652207455,0
60,26148.69441494341,1171.2022119836868,2,employed,6310.372396370276,0
71,14897.551616092765,1211.4326306468906,1,employed,2577.9472088903995,0
65,16195.537079231526,1386.3011619065624,0,employed,2163.408827290623,0
56,19455.178290109827,1305.5112325270375,0,employed,835.9587108042253,1
46,16359.349560737117,1781.2039964757564,4,employed,2701.6203922330365,0
59,13418.771249518357,574.2452802404999,4,employed,936.0922259617003,1
72,23794.35480555277,1749.9756072095188,4,employed,554.6974889738428,1
43,19720.250563526755,1765.886918917586,0,employed,3359.6721648687403,0
52,24218.218071108313,927.3620322964413,1,employed,1579.0471795015155,0
67,39862.59546240404,1194.277932523776,3,employed,16064.200698982675,0
42,19571.380176881736,1157.8077328061531,4,employed,8103.259888705519,0
41,12176.82699227414,827.7647515311954,1,employed,16275.760292339617,0
30,18043.733949405472,1095.1952706294746,2,part-time,1508.8711923146986,0
77,32377.292540557046,566.5816582562817,4,employed,3415.700037891923,0
75,30896.096725955253,916.7331091726016,3,unemployed,216.8767110676152,1
24,28547.36235088079,1725.023263176077,2,employed,2248.902546990521,0
74,16117.269863634829,926.8434526443464,2,employed,3289.524643377044,0
53,32078.82098657787,1727.3100031223714,3,employed,3477.427508457349,0
62,35898.455060307446,1297.3991969066462,4,employed,2857.297678415996,0
37,15557.361050546093,1819.79401604174,0,employed,3186.226473012315,0
18,21573.36975269899,1362.1693313966227,3,employed,197.70131187433793,1
25,60488.04262003825,544.5023345971098,3,employed,3851.5149218528286,0
63,15215.392543501219,1513.1303113206338,3,part-time,4834.049938700341,0
33,9390.526729693875,567.280352035353,2,employed,11361.950797099369,0
31,43978.32673020954,1175.895528474701,1,employed,4310.193420672038,0
29,38882.60999616495,1894.140041709671,0,unemployed,2615.636978567014,1
68,17527.324430193312,747.8059090067752,4,employed,8999.658599688926,0
40,20816.56013099342,1084.8085294123161,4,employed,282.21403584310656,1
32,11938.604151826945,1594.7904632727177,1,employed,1781.2158454926407,0
45,23028.230062593953,1823.3878341422715,3,part-time,1386.0177966195915,0
51,39456.609667838784,1506.4145071137618,0,unemployed,2879.805972407628,1
19,16792.666951526415,887.2598812867539,4,employed,330.73160577609,1
49,34151.13121679761,1511.9117793743244,4,employed,11154.916955540517,0
40,27774.175488792807,945.0914616561349,3,part-time,2322.013788211421,0
39,29404.66003742544,1577.643844728103,1,employed,4100.223203788171,0
68,17289.340071094182,1931.0496913775607,0,employed,3726.002510946138,0
42,18447.569539840548,1582.0901766594325,1,employed,10535.332580857823,0
75,8748.292196544722,1794.3207543686185,1,employed,463.1494856378987,1
79,16591.823516408003,503.1557647638251,0,employed,3335.310860232461,0
78,39408.73333671169,1576.3581870973915,0,employed,9378.529506724994,0
39,13840.216926776518,1744.3813352978755,4,employed,2702.7189215440826,0
75,14910.920949254361,560.8381063170222,4,employed,1151.3962402475934,0
75,30336.136718556907,1807.3965909323458,0,unemployed,1629.6326239923203,1
39,26940.449794862147,885.0413424650687,2,employed,2012.3490458247052,0
66,31099.021196731792,1497.9381529670827,4,employed,1449.4652444728117,0
69,12312.73941241933,1700.5323185351099,2,employed,2558.5318655163915,0
59,79382.16300056409,1493.9967695890332,0,employed,13470.365496983222,0
23,11993.538350084611,638.4271881098858,4,employed,1640.301318053879,0
32,23792.451770760723,1394.4822782905526,1,employed,1830.4663065907757,0
71,20346.664118765213,1324.3754850832154,0,unemployed,4721.022016453842,1
60,12169.392188616544,1850.4819021114072,3,part-time,2502.8356699393235,0
77,18304.373303157754,1106.3595944663139,2,employed,789.0383035732243,1
54,22284.659377766064,981.6216456305751,0,employed,2804.026116764086,0
50,15914.93720513712,1624.7761466546995,0,employed,2700.2741060615526,0
25,35193.32844349896,1119.012989125095,4,unemployed,7908.380867527016,1
70,20316.469210500713,1469.1442625075945,4,unemployed,1127.6009500681032,1
77,11263.950281861651,1469.6751351869104,4,employed,7961.076295937509,0
61,10796.067578069926,1832.0585965401767,3,employed,2703.1395909129337,0
61,29824.41240376722,1398.038603478646,4,unemployed,984.4256051362415,1
22,10473.615965370704,1253.2304149429804,0,employed,805.3054834042704,1
56,25802.148342302964,708.3069895947755,4,employed,20627.667329515403,0
21,27510.625554659982,673.6064100180581,1,employed,2540.418161983396,0
23,13390.788417744176,731.482347924619,4,employed,7604.56585843435,0
62,34384.77100125327,757.7727219906418,3,unemployed,540.1682177457976,1
49,9331.05336307003,1456.8156389954509,1,part-time,41676.591196249996,0
69,25545.83240337421,1611.4718754118678,0,employed,7282.610254487593,0
47,21581.053008623647,1294.987284389628,0,employed,2308.976855832085,0
64,20754.139757270004,1743.5265988182366,2,employed,2194.773524198772,0
52,12222.71858984024,1986.8948401004498,1,employed,6214.236374802539,0
72,13787.104776475,1730.018943679034,2,employed,5867.486850946465,0
57,49483.81931086854,1542.3235605139387,1,employed,3577.8927200326875,0
69,40440.11449799351,1298.7390491557198,1,employed,3013.564143871319,0
33,31921.731473884567,1173.2796075120623,3,employed,5224.2529159980195,0
30,35239.54088621775,626.5885708168136,2,employed,522.3283676550723,1
67,33624.38316954176,1099.0531225920363,3,employed,2056.4269949603076,0
77,18738.24485752469,1865.2019551732014,1,employed,574.2909455639103,1
59,22557.023862184076,1712.0339448598295,0,employed,5456.6610081359195,0
47,10548.572386994363,824.0770475175308,1,part-time,1516.5389773382876,0
36,21060.450707950942,1199.9116770458238,3,employed,619.1960365415379,1
34,39803.38049673983,1725.084803837817,2,employed,1347.7791948039826,0
73,15829.750252002745,601.0768321782838,2,unemployed,3461.1500647043736,1
36,36738.1352562513,1081.0888785029888,3,part-time,2427.874876887058,0
45,23058.572065792043,1777.7618553109214,2,employed,922.2749974550798,1
75,11018.31389773289,1105.8467962551856,4,unemployed,541.9270499914793,1
72,12661.741472744028,616.4219670971613,0,employed,3209.700106619276,0
43,34879.3915875703,1313.801552798377,0,employed,1667.7520040695263,0
54,29035.13834696661,1792.613742377443,0,employed,2302.8880546168903,0
43,23176.220104551416,1385.4283144297397,2,employed,2541.0046479799435,0
70,19206.116843477193,839.4186623213477,2,employed,4582.801114334753,0
79,24471.978048223362,1076.359430206072,1,employed,6953.12516674434,0
40,34205.71877197725,1175.1850417728983,1,employed,3451.3101824354344,0
26,46070.43224521897,1368.8995307307903,0,employed,2163.618759019259,0
29,47185.508433612114,1639.0265386289195,4,employed,3055.698656003841,0
70,26528.63382633226,648.3104264609531,1,employed,2123.3770167844514,0
18,20212.048274518525,1834.4780495263494,1,employed,576.7717723272243,1
75,23697.480273788122,518.4645545241134,2,unemployed,8883.457970605163,1
75,28597.08814828268,1055.0785020113829,4,unemployed,7357.230590794734,1
18,28539.188930174645,541.1304649589865,0,unemployed,21770.997945565527,1
64,42361.419882481765,1089.461338017937,1,employed,29158.428911877425,0
51,63441.77663984751,1288.7188983099857,4,unemployed,919.6377732153725,1
49,19878.075808177553,1267.5220798722676,4,employed,2131.5401651194284,0
79,64727.56638369702,748.442520542398,0,employed,36736.99619063198,0
71,39581.599231439744,1468.6107651434186,4,employed,2862.496383391746,0
65,20943.602418747287,567.1676757570024,4,employed,3805.5313378100113,0
42,46596.579653785586,1642.8602301986232,4,employed,651.2346666541566,1
57,51165.67370364656,1919.9666509903193,1,employed,3464.3788503178876,0
62,17498.182159272856,1009.6532407266768,0,unemployed,20577.22940584931,1
70,52370.9656577246,1275.859072571498,4,employed,10792.705951723066,0
18,37704.751897438204,1068.3654170882214,4,employed,1619.7310217456472,0
33,71989.78867555475,510.06558545608993,1,part-time,2005.5700898829218,0
78,17818.2895042208,1078.8117543426738,0,employed,962.0820205764672,1
56,18458.617768338794,1687.5803888920198,2,employed,1272.624852786483,0
22,7995.778030187294,1393.9832632752227,1,employed,441.3278711542431,1
39,29307.447989139495,651.8898719227384,0,employed,2738.5403140742173,0
46,26572.327343128032,1770.7092345406775,4,employed,13495.4879135048,0
72,16622.345178017265,1296.6280173278642,0,employed,4253.221284413552,0
20,21143.221449370714,1762.585042617014,0,employed,11687.077111461092,0
29,11434.489878368087,1370.3322781775441,0,employed,8718.909056928955,0
43,40103.64377669937,1339.53266725691,2,employed,1725.3615650465497,0
33,17242.805495499924,657.8887777955185,0,employed,1394.7819009025877,0
68,103468.70800005818,751.039599707942,2,employed,1449.2702649011026,0
54,20174.997105015493,1958.0378847448867,4,unemployed,535.3592685699814,1
39,15065.920920132558,842.7301201321561,2,employed,3078.907892695746,0
74,17923.060174798637,1966.1781769855518,4,employed,163.29128057560814,1
46,10872.79972912308,1297.8690597863952,4,employed,5385.2311275223265,0
31,28032.95174783819,703.6835705959057,2,employed,3203.1210311960576,0
45,17855.2015855501,648.9533041305394,1,employed,4776.387881503385,0
22,38778.69958888219,813.2961060586099,3,employed,8578.51656445314,0
64,19199.245347251977,1888.4559950380037,0,unemployed,3636.564107493564,1
66,44012.151967229496,1121.2253364923401,3,unemployed,15238.368011618843,1
47,32168.01370618976,1093.1514019893716,0,employed,5552.179381164221,0
63,22343.671115144545,969.809391605261,0,unemployed,1398.10517604166,1
79,48538.680428661224,720.5927758498826,4,employed,2350.2781406411514,0
69,35459.50891397438,1231.7767957886097,0,employed,310.6630776275918,1
22,96096.3308157154,695.071673766708,0,employed,1209.315238166781,0
29,17948.6894033689,1753.2203545734915,2,employed,2036.5319060509216,0
33,22886.627173140463,1055.5954794129598,3,unemployed,5147.536911082664,1
43,48259.814987268765,1062.2053516726946,2,employed,1407.5965739209144,0
43,10180.51719763307,1211.0096427247338,0,employed,857.2554818934248,1
65,42551.55938458178,1166.1915697486274,4,part-time,451.45156754474067,1
38,27437.09966299494,1992.2869595889824,2,employed,1641.8558245994673,0
56,14127.727324215679,1318.0716818274536,2,employed,20970.07713769894,0
53,11142.034987535806,632.3025556848061,1,employed,3909.2743006514465,0
50,15736.769562183732,1410.316012365395,0,unemployed,7627.988143312002,1
79,7027.527485003497,727.37643930482,4,unemployed,1211.9013480714198,1
47,17244.185240995812,546.406467097013,2,employed,618.0381827274749,1
54,30069.846363402205,1956.1132305158721,2,employed,879.1209923277116,1
40,17358.71004891751,1660.3083373018458,4,employed,2705.0316474997467,0
75,44097.410933338455,1970.1634886206505,0,unemployed,405.80435390391693,1
27,50512.38341606797,1216.8176720333636,1,employed,1089.4296523906767,0
71,41681.89918770125,1298.386296723464,2,employed,1658.4510014054113,0
22,24718.82690465263,752.5054338786954,1,part-time,795.5826139088655,1
53,6888.856353196481,870.3611400013783,3,employed,356.4938478687067,1
51,15493.118769598106,1757.8238223542423,0,employed,3982.4548244709968,0
69,20516.41828659847,1034.2784706763912,3,employed,3120.883597028401,0
48,14087.824254304252,1740.2224606946286,3,part-time,6496.57158082797,0
27,20542.419318490724,1563.5205864305476,3,employed,981.9832495728774,1
75,49268.18092648511,765.7563879077983,0,employed,6373.61915257769,0
36,9673.173700198962,1261.169549179613,0,employed,13757.015545774944,0
75,54494.007913174515,1516.0809822780752,4,employed,3874.6659523907065,0
49,34281.571368322344,852.5558222057377,1,employed,1619.8093004946422,0
18,25187.63312761889,1746.0327657801154,1,employed,3446.3833282429096,0
73,15416.47038071407,1317.24148631778,4,part-time,1544.1248839550656,0
22,14228.82089655782,747.8630756639047,4,employed,1307.2963680033097,0
62,9768.235674549629,1374.4766392469037,3,employed,5903.26218321464,0
21,51967.96448694364,1999.570706233871,4,employed,2593.982660040609,0
33,47515.23996996306,725.7822374951204,2,employed,9947.69010997073,0
41,10903.702459327635,1725.1353951792921,1,unemployed,1915.1993793847519,1
33,16708.71974484573,810.963504781337,4,employed,2119.266716373971,0
72,27352.750912882013,1673.582494190131,2,employed,1691.699636770533,0
19,18963.008339426477,1601.86688468212,2,employed,972.4479588526207,1
66,8439.36730978157,950.7340784006485,2,employed,6730.635853366677,0
45,15852.993403234026,988.7346763466747,2,employed,26521.517526152933,0
49,58426.05105200638,1688.7820879443786,3,employed,2034.0268181115428,0
44,16399.575097584442,1192.168267830969,2,unemployed,1509.4551793507715,1
37,20297.77050480479,1596.227043067713,3,part-time,1414.7052949887104,0
41,12424.322073437203,721.9762210487521,3,employed,1510.6069042437014,0
29,29551.255009465294,1778.8366728523304,2,part-time,15518.430890981434,0
67,23331.878945469678,1566.3270750234788,1,employed,1453.1944486312004,0
52,15199.079248173315,1860.4142132522509,2,employed,1660.2661488150063,0
77,11472.088785098553,698.5585685524586,2,employed,862.3366570579312,1
50,44456.73228729386,1389.5217505408964,2,employed,3998.3968563887147,0
50,9869.735134720526,1398.6808775604877,1,employed,2787.1377100951363,0
78,28336.552210892667,1030.1911108201737,0,employed,956.060527371621,1
68,7503.016192230408,1187.6996368538867,0,employed,1220.6885975020832,0
60,31369.95420991784,556.9723449347802,3,employed,13807.032883058286,0
54,35780.18199784159,1618.790057940518,3,employed,3080.0704721337465,0
29,38077.99578485453,1323.983719104761,1,unemployed,3300.025238472508,1
20,20320.708449289832,586.6115778037606,4,employed,3313.1471757607383,0
18,48630.286887890914,1521.1338394407285,0,employed,12023.584659476715,0
50,69835.36675749438,1200.173115846782,3,employed,1048.1538291813147,0
57,18754.489298194992,551.6918891375,0,employed,2005.4113480567103,0
27,17579.653918179913,1954.411590272143,1,unemployed,2517.5331525332504,1
60,23732.213655267376,1923.6682146341607,1,employed,533.1613904694754,1
61,17346.74096423948,1269.3536242207963,4,employed,1192.561129899237,0
46,16124.01254057299,640.5086310588653,4,unemployed,8490.259356273764,1
30,16841.99468280137,1631.9318323978878,1,employed,6375.472572699566,0
29,51941.7409949426,1237.8966501585937,3,employed,7608.846595930597,0
48,32400.884393958408,953.6712174340698,0,employed,1653.930371183359,0
63,17318.437014215913,1237.1272662928352,2,part-time,1871.1430127442563,0
19,6453.884568189215,1283.6662181081967,4,employed,498.66498870385584,1
78,10175.80124041032,1344.0675485335087,2,employed,7569.89550356929,0
68,28331.075100734815,1161.8355704829899,3,employed,8925.362916783872,0
67,7625.262516722507,1408.632954708585,4,employed,8812.451702477776,0
52,25501.607381434398,1878.102065909566,2,employed,14825.311767265881,0
40,12928.870818123294,1043.4021306478867,3,employed,4546.480033288629,0
34,23061.109062024745,1588.5746948299236,0,employed,14141.681304888409,0
43,22741.077523192373,1841.6788352363483,3,part-time,2439.4439204091996,0
25,23395.406226002437,1183.9689136399054,4,unemployed,509.27575845915146,1
46,18084.112628338986,1165.1837545728563,1,employed,7049.5895710557215,0
43,17789.384592924518,1403.1754780321694,0,unemployed,490.83639964435525,1
27,15361.271612264347,1387.110139133732,2,employed,3534.0579461079587,0
43,28055.673620865324,1709.8840134894156,4,employed,7749.036578158332,0
79,32945.051197971705,1214.725075667439,1,employed,4122.680328695854,0
51,11974.24938804828,1994.1844244591616,3,unemployed,29092.71477908459,1
68,21465.145601778895,589.2073533009211,1,unemployed,417.4108572202254,1
58,24301.443643071216,504.7517728710526,4,employed,2743.9103786322266,0
24,24146.278970471267,1460.2974673394356,4,part-time,3033.4487884918462,0
21,23941.887281016756,947.6523685428151,1,employed,777.3550406816577,1
75,18015.406632777343,860.5735830492257,3,unemployed,940.3641644930589,1
70,25324.18666559508,967.8486200064207,1,part-time,1280.327763249656,0
67,30001.850902520506,884.0713476574315,4,employed,992.6247585294687,1
62,23635.812695977114,546.1850744906718,4,unemployed,2675.804468045507,1
28,28366.663613661953,1957.299563585883,2,employed,1631.141083078513,0
46,36140.76405727996,831.1182326791726,2,employed,4096.58256379782,0
73,8730.080073836634,1601.0446438839595,0,employed,5706.89553812394,0
53,35303.306988692355,1643.894592041263,4,employed,5333.585324166643,0
42,26139.788147462048,1893.886097010844,2,part-time,1978.0637769554191,0
38,12634.511241009473,545.8241856400699,1,employed,3961.8866971601897,0
78,32900.24689589634,1808.0725076705116,3,employed,8392.79531480008,0
74,18048.891461288993,1290.8392712597004,1,unemployed,4654.382748668499,1
53,19322.331563790656,1448.816164948742,3,part-time,19129.323422299152,0
27,17088.48474229516,1466.7054156815504,2,employed,7959.957875220402,0
54,25621.81515594221,1729.6967074770914,0,part-time,16620.74798728371,0
26,14873.307296478937,1000.1109832386658,1,employed,246.57269828980017,1
41,34569.85418606026,1599.5767847899901,1,unemployed,3283.5358412700875,1
52,20549.023620324515,1292.8671645832956,1,employed,2156.124118065254,0
66,18359.432576105686,1690.0910214580215,3,employed,2630.7395140220374,0
52,32094.432085960852,1985.8190491552002,2,employed,1332.8044095538135,0
65,18773.876203591848,800.9765261056418,1,employed,4430.197304832029,0
53,35386.59703791882,1991.972962339997,1,employed,488.6485735338989,1
35,35946.84057499043,634.718231424161,0,employed,4462.3770008410365,0
66,11300.452870022487,503.4763218572208,0,employed,1377.862659167404,0
56,38354.613564508116,566.2429042667469,2,part-time,1807.3444818836206,0
49,10603.951718402765,1012.6736071051425,2,employed,4621.62553486661,0
41,39568.56478500332,1449.3594960176513,4,employed,3225.288646019104,0
40,60729.1198600609,603.5443113317745,0,employed,8552.003922816752,0
79,34112.433621163924,508.4987217943509,4,employed,1130.5918030811486,0
49,7491.390281545279,1905.636542688192,3,unemployed,2749.829937344839,1
54,37488.25113090755,1732.8899539098945,4,unemployed,7250.118677398947,1
29,67715.10041319442,1713.7747567085466,1,employed,4277.823981499752,0
66,18929.639108624047,1826.6364132529657,4,employed,4562.355168346285,0
72,21647.566818642543,1550.0514091581565,2,unemployed,9027.609280639892,1
30,12158.169857298957,656.6061946221222,3,employed,1985.7611115280035,0
40,25746.132725870397,1098.6502821105846,1,unemployed,1608.6798020641336,1
42,41547.332201199424,1584.7242296969443,4,employed,5302.344906759992,0
52,31221.69747771113,920.5016911872814,3,unemployed,2567.1933873974635,1
58,105977.64860513127,1531.1095462043563,3,employed,9156.356052863664,0
47,22393.22017976383,536.7476724014786,1,employed,4314.658410494715,0
34,9746.49796401649,959.2060113193897,4,part-time,1598.2256429561335,0
66,23992.234291547487,1323.695504415759,3,employed,4181.327366111055,0
79,6579.895333261968,1448.1347442593633,3,employed,1208.6995828922736,0
37,16872.629597329662,1365.5609966928662,0,employed,7684.253149466704,0
65,49622.072772626736,1546.6344141101442,3,employed,737.1914984051579,1
42,25914.730321933377,509.1331223597586,0,employed,10117.93908318904,0
39,24093.765821645484,651.4117999662823,4,employed,4108.7598043362095,0
30,54742.20090771132,1803.4163784187176,4,employed,2528.6454178555923,0
76,19239.10208916434,1522.6229661352418,4,employed,6395.399296574658,0
36,41394.785859837175,669.397464029017,2,unemployed,4970.753136664359,1
66,23497.598127849444,1763.111656097869,4,employed,11275.434335878512,0
53,26636.127014042188,863.3468267368503,3,employed,11170.836064349538,0
29,11984.23808024181,1217.389826292835,1,employed,4239.880840461239,0
78,17308.90871533536,717.7947693269905,0,employed,1246.6675520720314,0
58,10951.600441198976,1565.16508463256,2,employed,1734.5286769752493,0
36,21002.094732284044,1500.2816315214018,4,employed,2774.8531731061776,0
29,26774.391589007082,816.6687067492043,4,employed,8793.092019367989,0
26,12644.54211197888,1795.1011502855029,1,employed,1888.6423916770107,0
24,61364.66508981637,1101.9590363295683,1,employed,2053.0042344214266,0
45,25312.484450462256,938.7726366061127,2,employed,18927.11121970375,0
31,22672.268230893304,728.4943841968031,0,employed,2685.712912937417,0
48,32364.870692153814,899.2520187733062,4,employed,1580.1390203812382,0
69,14552.760207155066,533.0403818357255,2,employed,6481.103242934765,0
36,23902.50967153013,1374.8862386841733,3,employed,2818.2339729841037,0
75,15391.44154089808,1763.3461195159218,3,unemployed,742.7806927158072,1
64,48018.41946064092,1323.4706741624627,2,employed,8441.489751097719,0
33,12973.710573118558,828.9109428858136,4,employed,1412.279972634469,0
70,22733.223633673948,550.5037673208091,2,employed,3113.757883443288,0
22,25968.976488428336,821.9421098882042,4,employed,2784.6038169581416,0
52,26833.67405081548,1124.1821421066384,1,employed,3752.213357331792,0
29,16471.426203772022,1639.4171430496947,2,employed,333.2609868925836,1
42,14076.264638128241,781.7642788066612,4,unemployed,2132.1806646251275,1
69,16590.780250899486,1579.6871800320291,2,employed,9180.5010259527,0
76,28685.94949119814,1800.4002025278255,2,part-time,10566.517135595428,0
38,20497.887571904485,1180.9202721625356,4,employed,1106.2261296365657,0
53,32797.39610657517,1732.1479874638899,4,employed,7484.5654773608185,0
70,27959.207718485508,1331.9860220526434,0,employed,1392.102183064943,0
40,7055.365364369872,1455.6362556213576,2,employed,2049.7389870024817,0
33,24928.0486033688,1289.417690507304,3,employed,2160.328631980309,0
74,67861.71997217106,1194.7590751270127,2,employed,3323.5996607089246,0
56,42729.05981707267,851.9801626637741,2,employed,8114.164006081028,0
62,27200.933739514192,954.7910891915691,4,part-time,3883.8590390618997,0
70,12968.828310112878,934.9551784154135,2,unemployed,2627.710568207598,1
59,27966.89751219464,1344.933396430722,2,employed,7842.486612655172,0
75,31884.49020086096,679.9305395358349,3,employed,1335.8707558266333,0
56,19401.90739573574,1875.1875360535028,4,employed,2759.4386670756644,0
31,25806.225220020147,1580.98271792467,2,employed,8068.970875231247,0
48,46855.85387643704,1102.1684463697904,1,employed,5060.933400595845,0
75,14347.95625985816,737.936216789567,0,employed,1870.0043247660722,0
22,12975.914633320985,1822.9882545824537,3,employed,656.5791390543441,1
52,31143.152075867998,1735.6671351517477,2,employed,4067.8024367895364,0
40,27688.468838888886,1582.582329075769,1,part-time,614.8170833360855,1
46,36842.934693184434,907.3205711168636,2,employed,2410.2810436519303,0
60,29286.938362975943,1103.6699561505034,2,part-time,9690.956395464114,0
28,16582.819498324145,654.1223786786351,4,employed,5414.082164178304,0
35,27339.73249184194,783.5592870912976,4,employed,393.9980744045259,1
64,12443.289098748073,1674.5249559750994,4,employed,3642.594583369942,0
29,19435.190480398363,1572.5580782760258,1,employed,2166.417337074132,0
26,28322.154318507408,1390.2286444639021,2,employed,834.041031237077,1
27,18393.32105642914,1843.5900888892593,0,employed,4167.290301581718,0
75,75661.60347391546,1374.899776719568,3,employed,1823.0426159134058,0
61,8551.892441174245,1200.451999945416,4,employed,1834.3875808179912,0
34,16751.69659706148,1010.556119458644,4,employed,3374.6440073065555,0
78,13781.881628948575,1910.672758604259,2,employed,1594.181104226286,0
55,15519.081282517933,624.0731922865302,2,employed,3280.449825403998,0
24,15970.537352436651,1896.3310580912125,1,employed,1646.9413352217452,0
63,11347.918982851923,1740.0719898965276,1,employed,1739.8227850989304,0
30,32091.647548745936,694.8948868035519,4,employed,8045.995307459877,0
57,16755.005883268597,1347.4765365128803,2,part-time,8907.702549057154,0
59,23903.655303501368,1799.8219726236302,0,employed,539.8793846539235,1
26,17722.44366585713,1357.7137454107306,3,unemployed,6292.242747956012,1
67,15592.725866118199,1860.7997323409334,2,employed,12071.360251394044,0
44,50824.79566088085,1914.4757252240638,2,employed,14148.682899103074,0
75,34942.74315681564,1133.5767832764589,1,employed,5015.958084334104,0
19,8655.06346225954,1065.9704921094853,3,employed,1035.4611295304662,0
22,8208.547560986975,1904.4817309537352,4,employed,5596.9710157652635,0
46,37097.48356350966,1512.710091724502,2,unemployed,1249.8110323946128,1
54,16984.786391714708,674.0340220222539,4,employed,2115.4753835150827,0
55,9657.198096709852,563.4376238340218,2,employed,4372.464802181563,0
36,37155.517783746225,1346.9435764958948,4,employed,1333.0710950548491,0
25,23970.088632141982,1895.256448157637,3,part-time,947.2847110809873,1
65,24978.86989880386,1766.3730536087276,1,employed,4749.398789996093,0
62,33016.7284918977,1513.7716196965048,3,employed,19287.725812445693,0
18,11441.603496149282,708.6737733366313,0,employed,10334.40945806018,0
39,9742.466408843966,881.3470756230433,1,unemployed,6046.205626207462,1
69,48556.19895540835,1813.2668398289243,3,part-time,7936.164964370709,0
34,10736.630870376022,774.2108549853507,0,employed,5640.452079287978,0
24,11954.715732246605,917.6591123756518,2,unemployed,4674.6063240112935,1
42,13210.698995401668,694.400976793163,2,unemployed,7321.8465758224365,1
62,62315.96686116654,1514.1623471216167,4,employed,758.7231146042972,1
21,28189.12798677889,1915.9734580448144,1,employed,3639.0767903723145,0
53,35692.79002252567,903.4520473930789,2,employed,2749.163035903836,0
23,24296.407351700414,1213.1099117751105,1,part-time,3225.692165442237,0
77,16302.217074719922,1451.5096095668064,2,employed,1879.249521158952,0
48,30201.462871096304,1999.199372323446,4,unemployed,5016.500433468583,1
36,10114.163170090542,657.2120974963582,3,employed,1315.6314116372894,0
78,12738.169964528297,1247.8561992585637,4,unemployed,1747.8558211044874,1
61,31776.66802706475,1077.6801798537501,0,employed,1550.1703178304278,0
71,11174.30678154868,1798.7302478335328,2,employed,7072.339697197565,0
56,20039.47315973934,1213.9515965174837,0,unemployed,2946.214770545475,1
44,20501.3051268073,666.4662868777222,0,unemployed,1880.264354817262,1
27,16910.14468999902,1451.6362179298753,1,unemployed,2052.000202518373,1
43,8303.56950829791,1656.1709273958197,2,employed,2992.5484167921463,0
36,16083.280842350645,504.3218774984219,0,employed,15095.846501957281,0
56,14581.601058960065,1788.4350281309444,3,employed,865.6491290078567,1
79,23878.170005721455,779.0345000084985,0,employed,5857.686431363856,0
20,23277.564282931315,1328.1040469800669,3,employed,4778.406195739151,0
62,26608.359969713572,1123.696251031175,1,employed,1232.7892963188012,0
30,15709.279434379316,1579.4807249157957,0,employed,12924.41309913185,0
67,28606.49231973542,1056.7424221786127,4,part-time,5111.66494403751,0
45,10117.244605786293,1804.6447650225662,1,employed,1794.1141991823815,0
79,8857.746214766637,1595.7445414381853,3,employed,464.3258989249389,1
75,6851.436641255198,1471.5697565943822,1,employed,3748.634182043193,0
37,17160.257525004694,1694.3608933442815,0,employed,2850.513450892406,0
45,15113.609191020088,1631.0345523925735,2,employed,1063.4643032576314,0
25,32684.551234123992,553.90801238233,2,part-time,1049.8321674630822,0
78,15925.369878905956,1092.1015307672424,3,unemployed,7104.686154841754,1
58,25252.69531037803,1896.2109459747346,3,part-time,421.7046100185995,1
56,33078.81374448157,688.5864034883393,2,part-time,4081.7567678196156,0
18,15628.328285223479,1605.644825648077,3,employed,2471.456729213756,0
20,25566.19129385249,1961.8877170029946,1,employed,4900.805353023893,0
30,36350.51950031633,578.2979435674574,4,employed,2220.9603915841544,0
45,11859.904409324863,1523.2908209399156,4,employed,3996.902500565496,0
79,22301.87799940634,1202.2312119515454,1,employed,1418.3154668879795,0
74,15661.845465209502,1368.7628830620833,4,employed,2837.8303667605237,0
77,12243.556269418179,628.0120047264872,0,employed,4861.410388315273,0
66,10216.651107294265,564.5104278004092,1,employed,3466.400002945644,0
42,12145.034886251402,1500.2999908263826,3,employed,4360.346660195518,0
73,22697.60072333252,1734.9641447310769,1,employed,1178.5954366399892,0
50,9843.60979854503,1673.023002399451,2,employed,1651.3120589037092,0
55,16724.608689071272,1315.708591799356,3,employed,1680.1866388562528,0
70,33077.12396090564,649.8002317042673,2,employed,2260.8819158815295,0
23,27570.60593161657,1532.0666657540207,3,unemployed,11597.941096011953,1
75,16894.54704068996,862.8333253312189,4,employed,2091.885820248719,0
61,51269.18696174252,1866.6030541510754,1,employed,949.97962807635,1
62,56756.08799051968,1757.3980393185573,0,unemployed,5123.769552431502,1
49,22316.045230213807,1564.0744506310864,3,employed,11460.291559468295,0
62,6410.730731285492,1923.2689337466957,3,employed,844.5366621451926,1
78,34311.09665624076,547.1327322669094,2,employed,21435.65111271862,0
64,6995.4263084610675,1604.300637591143,4,employed,4515.072856758842,0
38,46077.17814675723,995.364169004608,2,unemployed,8382.410397656411,1
33,37865.37747137293,1859.098828529548,2,unemployed,12926.976844653074,1
71,53482.3115011776,900.0127949929664,4,employed,7884.212669314884,0
38,25087.695334024134,1587.2847489725257,0,employed,2669.0140218626543,0
28,18385.307448926822,1816.470529476172,2,employed,10073.849071312357,0
77,17587.600807129722,562.4852275740236,2,employed,3845.27257375635,0
54,16762.003617670765,1096.4713693880542,3,employed,8870.484755233329,0
53,35973.37378982379,1643.463548032908,4,employed,9895.896782372223,0
52,31449.41763392783,1182.3783342613806,1,employed,1001.3490401822514,0
36,23391.145135509498,900.8789446903929,0,employed,6596.543851389923,0
37,15350.592414306415,829.7080232347851,0,employed,2485.1991632260683,0
74,82010.80744324482,697.2774003745669,4,employed,3422.7193195311625,0
35,34758.77395307219,1785.6943397844234,3,employed,3384.944362892628,0
64,9908.458250682928,1363.033104877334,3,unemployed,3251.82032190763,1
58,17015.364211613738,614.577417487184,4,employed,13677.7446419338,0
66,35097.600619701516,1073.8704853559532,3,employed,760.1778150656277,1
31,14768.185821611705,1051.600476207665,0,part-time,532.5392709515938,1
32,26259.26030708275,772.6087860641944,0,employed,431.2594703491786,1
48,35432.97455515078,1153.261438208286,1,employed,8683.190106600041,0
18,4047.2218375119833,998.1490480897046,4,employed,1375.4861457142583,0
70,20868.187519920317,1012.7055582382739,2,employed,3402.2303114895476,0
71,21281.737228105016,1608.539836681938,2,employed,2657.876768945456,0
71,17925.217013736983,834.8950782577945,1,employed,1228.59296091642,0
20,25612.8015870643,1462.789938283033,1,employed,6984.699413032283,0
33,30600.13818402044,1355.9744358214023,3,unemployed,2624.2148664263955,1
40,23647.802502527877,1352.138768506801,1,employed,2350.221652637527,0
74,18271.290886933413,1494.511019212664,1,employed,3762.6219020199583,0
28,30221.553772999057,1322.573054293481,2,unemployed,6128.909299760502,1
29,22573.382025379993,1818.882672269577,3,employed,1142.5567079063426,0
27,19626.771250928323,1513.3701379253898,1,unemployed,7136.0761634585215,1
49,11428.440489091083,1320.444877057082,1,employed,12706.303905067312,0
33,10083.670450777483,1744.6446804314673,3,unemployed,716.1413983832813,1
25,11320.66509088464,1409.2198474002196,4,employed,3937.4909279865988,0
55,25315.307483074754,936.7163716777685,3,unemployed,2197.5047423932574,1
29,21172.546101074335,810.6423772648568,2,part-time,5998.295237290232,0
41,10507.640633499714,728.4916784940182,4,employed,883.013763312757,1
45,30423.143980741617,1849.1828188191523,0,employed,15198.290382051706,0
70,43789.73712040287,1565.2031476970988,3,employed,597.1122944263091,1
25,16329.902113004036,1906.067657246481,2,employed,2334.8876661335003,0
75,9223.49278034674,1404.9377085724145,4,employed,4602.229210158933,0
45,15451.12055533146,1210.101322242369,3,employed,1500.664296015294,0
53,33766.69745609586,589.574733456334,1,employed,1282.5408796952404,0
43,28977.209748454927,1507.4634223190446,3,employed,3722.8159496968224,0
25,13888.044720739264,1373.3131396523468,0,employed,3222.007591859852,0
75,47126.27918458442,1985.3133403814322,3,employed,2998.7120818293906,0
77,43223.51837663948,858.7381666733645,4,employed,7035.2500418305135,0
67,15267.73364437683,1296.1060329302538,4,employed,2009.2711162819446,0
45,15189.428911207446,1476.436002677109,3,employed,4103.488111050234,0
45,16376.227692981385,1466.8867621135155,4,employed,1796.14358311937,0
54,17091.44991209284,1341.940314422604,1,employed,1274.9605477474306,0
58,35428.398816471796,1665.3920154908383,3,employed,2242.2640511302643,0
53,27246.068930077447,807.4718142902246,1,employed,1810.276387369215,0
44,34150.73490485502,1588.4408004116237,1,unemployed,1903.0177580055094,1
71,30846.62341351546,1429.6018571496338,2,employed,9559.8509775557,0
34,51909.834162120846,1844.11266769186,3,employed,2312.065467916972,0
26,12968.871020819774,1770.7916585503726,4,employed,1536.24027071359,0
50,26640.270145292234,972.7205586988299,1,unemployed,3065.845828889675,1
70,7428.575316496567,914.3559874627297,2,part-time,3308.4263723892836,0
37,11401.750930135644,1972.4799857786718,3,employed,909.7035438141295,1
30,21217.324217745343,1290.8977713728848,3,employed,2211.870304142223,0
45,27149.212145993715,1859.6314458716552,0,unemployed,2124.5508108858194,1
65,20933.209098493262,745.8215356707233,0,employed,2509.5424540638146,0
46,16587.485269530218,1464.2283722002614,1,employed,6158.129593724312,0
30,18129.41545298179,1714.7902810408793,0,employed,3417.5249566062503,0
63,43683.27078446289,1921.0928743796703,1,employed,10177.527143512112,0
52,18178.30103710235,1006.0102115255352,4,part-time,2946.4008219877564,0
78,52818.71253720414,1587.4717548860788,1,part-time,17607.624199526024,0
23,32761.474193972907,1308.2195135594286,0,unemployed,1880.3721460636848,1
35,27688.395602295495,590.9433890997022,4,employed,1380.8266476338167,0
68,12127.14424161155,1534.999605963415,0,unemployed,5152.836788775161,1
22,35158.408304177814,1535.1448373567653,1,employed,11661.894642270094,0
64,17207.74257331173,1895.9102072698056,2,employed,750.843090175853,1
42,12122.034650615842,1245.9686692534588,3,unemployed,2447.9576699256727,1
19,28464.751363708907,845.376381065772,0,employed,1618.4400867441175,0
27,11004.141376693773,566.8457351730187,1,employed,3438.707706225489,0
73,15046.177766757248,1123.4632800288587,4,employed,3010.9710795370966,0
47,21915.338182017193,952.8750501162527,0,unemployed,11445.835689942538,1
67,66783.45919740791,1641.6324590358133,0,employed,2674.707231374298,0
76,15623.666424087112,1031.40164726157,3,employed,11787.372365977148,0
62,17516.380319025084,1923.6067944722658,1,employed,2175.2517065608204,0
22,31766.657970118435,1943.4653044816764,2,unemployed,7528.731710785836,1
72,11859.116264393653,1431.362885326562,4,unemployed,3746.8210076236646,1
73,27485.206419053553,1892.9904305223245,1,employed,16812.625461046755,0
50,40253.94956246806,1641.2815167717436,4,employed,680.6070613424633,1
71,18891.22027955547,1320.2894614626894,0,employed,930.8910839920939,1
18,36793.52437854177,770.4619031341672,3,part-time,18613.125533197002,0
35,25481.932780218227,1187.89691527076,3,employed,1431.8676305963295,0
49,15285.485822693563,1341.3116950439264,2,part-time,1525.6817554909474,0
64,19952.259160843376,1795.9423711025152,3,employed,1241.749330091808,0
66,18217.197236145097,1222.0000648034975,0,unemployed,9399.821291489694,1
